Workbook

Sheet Controle de vendas
A1: Vendas
A2: Produto_ID | B2: Quantidade | C2: Nome | D2: Preço | E2: Classificação | F2: Faturamento | G2: Faturamento total | H2: Quantidade vendida
A3: 101 | B3: 3 | C3: {=IF(A3="","",_xlfn.XLOOKUP(A3,'Tabela de produtos'!A3:$A$12,'Tabela de produtos'!B3:$B$12,"Produto não encontrado"))} -> Caneta | D3: {=IF(A3="","",_xlfn.XLOOKUP(A3,'Tabela de produtos'!A3:$A$12,'Tabela de produtos'!C3:$C$12,""))} -> 2.5 | E3: =IF(A3="","",IF(D3="","ID não encontrado",IF(D3>=$B$16,"Produto Premium","Produto Comum"))) -> Produto Comum | F3: =IF(OR(A3="",B3="",D3=""),"",B3*D3) -> 7.5 | G3: =SUM(F3:F12) -> 1335 | H3: =IF(B3="","invalido, tente novamente",SUM(B3:B12)) -> 27
A4: 102 | B4: 2 | C4: {=IF(A4="","",_xlfn.XLOOKUP(A4,'Tabela de produtos'!A4:$A$12,'Tabela de produtos'!B4:$B$12,"Produto não encontrado"))} -> Caderno | D4: {=IF(A4="","",_xlfn.XLOOKUP(A4,'Tabela de produtos'!A4:$A$12,'Tabela de produtos'!C4:$C$12,""))} -> 18 | E4: =IF(A4="","",IF(D4="","ID não encontrado",IF(D4>=$B$16,"Produto Premium","Produto Comum"))) -> Produto Comum | F4: =IF(OR(A4="",B4="",D4=""),"",B4*D4) -> 36
A5: 103 | B5: 1 | C5: {=IF(A5="","",_xlfn.XLOOKUP(A5,'Tabela de produtos'!A5:$A$12,'Tabela de produtos'!B5:$B$12,"Produto não encontrado"))} -> Mochila | D5: {=IF(A5="","",_xlfn.XLOOKUP(A5,'Tabela de produtos'!A5:$A$12,'Tabela de produtos'!C5:$C$12,""))} -> 120 | E5: =IF(A5="","",IF(D5="","ID não encontrado",IF(D5>=$B$16,"Produto Premium","Produto Comum"))) -> Produto Premium | F5: =IF(OR(A5="",B5="",D5=""),"",B5*D5) -> 120
A6: 104 | B6: 5 | C6: {=IF(A6="","",_xlfn.XLOOKUP(A6,'Tabela de produtos'!A6:$A$12,'Tabela de produtos'!B6:$B$12,"Produto não encontrado"))} -> Estojo | D6: {=IF(A6="","",_xlfn.XLOOKUP(A6,'Tabela de produtos'!A6:$A$12,'Tabela de produtos'!C6:$C$12,""))} -> 9 | E6: =IF(A6="","",IF(D6="","ID não encontrado",IF(D6>=$B$16,"Produto Premium","Produto Comum"))) -> Produto Comum | F6: =IF(OR(A6="",B6="",D6=""),"",B6*D6) -> 45
A7: 105 | B7: 4 | C7: {=IF(A7="","",_xlfn.XLOOKUP(A7,'Tabela de produtos'!A7:$A$12,'Tabela de produtos'!B7:$B$12,"Produto não encontrado"))} -> Livro | D7: {=IF(A7="","",_xlfn.XLOOKUP(A7,'Tabela de produtos'!A7:$A$12,'Tabela de produtos'!C7:$C$12,""))} -> 95 | E7: =IF(A7="","",IF(D7="","ID não encontrado",IF(D7>=$B$16,"Produto Premium","Produto Comum"))) -> Produto Premium | F7: =IF(OR(A7="",B7="",D7=""),"",B7*D7) -> 380
A8: 106 | B8: 2 | C8: {=IF(A8="","",_xlfn.XLOOKUP(A8,'Tabela de produtos'!A8:$A$12,'Tabela de produtos'!B8:$B$12,"Produto não encontrado"))} -> Caneta Luxo | D8: {=IF(A8="","",_xlfn.XLOOKUP(A8,'Tabela de produtos'!A8:$A$12,'Tabela de produtos'!C8:$C$12,""))} -> 5 | E8: =IF(A8="","",IF(D8="","ID não encontrado",IF(D8>=$B$16,"Produto Premium","Produto Comum"))) -> Produto Comum | F8: =IF(OR(A8="",B8="",D8=""),"",B8*D8) -> 10
A9: 107 | B9: 3 | C9: {=IF(A9="","",_xlfn.XLOOKUP(A9,'Tabela de produtos'!A9:$A$12,'Tabela de produtos'!B9:$B$12,"Produto não encontrado"))} -> Agenda | D9: {=IF(A9="","",_xlfn.XLOOKUP(A9,'Tabela de produtos'!A9:$A$12,'Tabela de produtos'!C9:$C$12,""))} -> 25 | E9: =IF(A9="","",IF(D9="","ID não encontrado",IF(D9>=$B$16,"Produto Premium","Produto Comum"))) -> Produto Comum | F9: =IF(OR(A9="",B9="",D9=""),"",B9*D9) -> 75
A10: 108 | B10: 1 | C10: {=IF(A10="","",_xlfn.XLOOKUP(A10,'Tabela de produtos'!A10:$A$12,'Tabela de produtos'!B10:$B$12,"Produto não encontrado"))} -> Lápis | D10: {=IF(A10="","",_xlfn.XLOOKUP(A10,'Tabela de produtos'!A10:$A$12,'Tabela de produtos'!C10:$C$12,""))} -> 1.5 | E10: =IF(A10="","",IF(D10="","ID não encontrado",IF(D10>=$B$16,"Produto Premium","Produto Comum"))) -> Produto Comum | F10: =IF(OR(A10="",B10="",D10=""),"",B10*D10) -> 1.5
A11: 109 | B11: 2 | C11: {=IF(A11="","",_xlfn.XLOOKUP(A11,'Tabela de produtos'!A11:$A$12,'Tabela de produtos'!B11:$B$12,"Produto não encontrado"))} -> Caderno Premium | D11: {=IF(A11="","",_xlfn.XLOOKUP(A11,'Tabela de produtos'!A11:$A$12,'Tabela de produtos'!C11:$C$12,""))} -> 30 | E11: =IF(A11="","",IF(D11="","ID não encontrado",IF(D11>=$B$16,"Produto Premium","Produto Comum"))) -> Produto Comum | F11: =IF(OR(A11="",B11="",D11=""),"",B11*D11) -> 60
A12: 110 | B12: 4 | C12: {=IF(A12="","",_xlfn.XLOOKUP(A12,'Tabela de produtos'!A12:$A$12,'Tabela de produtos'!B12:$B$12,"Produto não encontrado"))} -> Mochila Escolar | D12: {=IF(A12="","",_xlfn.XLOOKUP(A12,'Tabela de produtos'!A12:$A$12,'Tabela de produtos'!C12:$C$12,""))} -> 150 | E12: =IF(A12="","",IF(D12="","ID não encontrado",IF(D12>=$B$16,"Produto Premium","Produto Comum"))) -> Produto Premium | F12: =IF(OR(A12="",B12="",D12=""),"",B12*D12) -> 600
A15: Tipos de Classificação por Preço | D15: Meta de faturamento
A16: Premium: >= | B16: 45 | D16: 3400
A17: Comum: < | B17: 45 | D17: =IF(G3="","",IF(G3>=D16,"Resultado de meta satisfatorio","Meta não atingida")) -> Meta não atingida

Sheet Tabela de produtos
A1: Produtos
A2: ID | B2: Produto | C2: Preço
A3: 101 | B3: Caneta | C3: 2.5
A4: 102 | B4: Caderno | C4: 18
A5: 103 | B5: Mochila | C5: 120
A6: 104 | B6: Estojo | C6: 9
A7: 105 | B7: Livro | C7: 95
A8: 106 | B8: Caneta Luxo | C8: 5
A9: 107 | B9: Agenda | C9: 25
A10: 108 | B10: Lápis | C10: 1.5
A11: 109 | B11: Caderno Premium | C11: 30
A12: 110 | B12: Mochila Escolar | C12: 150
